{
  "project_info": {
    "project_number": "997652835654",
    "firebase_url": "https://api-4ceb2.firebaseio.com",
    "project_id": "api-4ceb2",
    "storage_bucket": "api-4ceb2.appspot.com"
  },
  "client": [
    {
      "client_info": {
        "mobilesdk_app_id": "1:997652835654:android:a1f53717855ad32be2c947",
        "android_client_info": {
          "package_name": "com.zachery.googleapi"
        }
      },
      "oauth_client": [
        {
          "client_id": "997652835654-3q32mbd12tflhumf7hhh0qsi1ogbsehu.apps.googleusercontent.com",
          "client_type": 3
        }
      ],
      "api_key": [
        {
          "current_key": "AIzaSyCuSZ3FbM57vKNmMOkYKxnHj1UVzsLnMbY"
        }
      ],
      "services": {
        "appinvite_service": {
          "other_platform_oauth_client": [
            {
              "client_id": "997652835654-3q32mbd12tflhumf7hhh0qsi1ogbsehu.apps.googleusercontent.com",
              "client_type": 3
            }
          ]
        }
      }
    }
  ],
  "configuration_version": "1"
}